,date,tital,user,dislike,like,page_index
0,posted on 05 Sep 2018,System Engineer  in Kolkata, Anonymous路Finance Division    ,"Dislikes 1. Growth: Not much scope of growth. Freshers are kept on bench just to show employee strength to potential clients. Most of the time freshers are given boring work like data entry or documentation etc. 
2. Salary: As the work is not challenging, salary is minimal too. Freshers get 3.5 lpa approx. 
3. Work environment: Not really great. Talk about technology is far less heard than gossips. Fear of getting bad rating is the motivation of work. So most of the time people deliver the bare minimum. There is an 8 hrs office time policy but actual work happens for 3-4 hrs only. 
4. Politics: Thick management layer and micromanaged. So politics are everywhere. So much so that actual work become secondary to all the mails and meetings and screenshots. 
5. Learning: You will definitely learn suave moves of office politics, crafty way to send mails and may be few other skills. 
6. Training: Training are given based on project requirements. If an employee has an interest in different technologies, most likely he or she will not a get a chance easily. Resource management is very poor. Employee are forcefully recruited to projects sometime even without their acknowledgement.
...Read More","Likes Few things that are good: 
1. Job security. In my opinion 80% of the  people who are in TCS is because of job security. TCS holds onto their employees even in tough situations in market although there was a large layoff in recent past. Still job security is a plus.
2.Work-life balance:  It is good. Most of the time there are no pressure and also work is not much challenging. So usually after the timid learning curve it is   easy work-wise. In support projects timing may be an issue because one may have to support weekend or at night but those are compensated. In development projects timing at beginning is casual but at time of delivery it is haywire because always there are no time but lot of development left. This should give an idea of poor management.
3. Benefits: Nice health benefits for employee and family, easy on leaves about maternity, wedding etc. ...Read More",2
1,posted on 12 Aug 2020,It Analyst  in Kolkata, Anonymous路IoT Division    ,"Dislikes Some of the managers are lagging with technical knowledge and skills. They are bit difficult to deal with. And some of them abuses badly to other resources. This is completely intolerable. Even HRs do not help associates at this point and acting like puppets of those managers, especially RMGs. This culture needs to be changed. ","Likes I am carrying company provided laptop before this pandemic hits in. As a DevOps Engineer, I already have VPN and admin privileges turned on long before. I have not faced any lag during WFH period. Company is also providing Internet connection charges. I am quite happy what TCS is doing. ",2
2,posted on 26 Jul 2019,Associate Consultant  in Bangalore, Anonymous路EIS Division    ,"Dislikes 1. First of all, everybody in TCS are simple LIAR. HR will lie about salary at the time of joining. Manager will lie about work profile at the time of joining the project. Sometime I feel, TCS Managers are getting salary for telling lie to employee. One HR manager told me TCS salary are like weather forecasting. another HR manager told me, you may need to pay TCS for working in TCS. I have written proof.
2. They deduct salary of a person after joining. Don't give allocation even if your are actively working in a project. And hence, salary cut.
3. I have never seen such regionalism in any other organisation in India like TCS. North manager does not like south manager and vise a versa, Telegu manager does not like Tamil, Tamil manager does not like Kannadiga etc. etc.
4. There are few managers who takes money from recruitment firm. Those managers recruit people even if current project is over populated. In my project, they could not even allocate a bug per head per week. I mentioned the same to Regional HR manager, but no action was taken. This is overt secret in TCS.
5. TCS encourages its employee to use personal laptop or computer to connect and work in client network. I have written proof. I raised the concern to appropriate authority. But No Action was taken, in fact the guy from grievance cell was trying to implicate one fresher for the same.   ...Read More",Likes You can draw salary without doing any work and even without going to office a single day in a month.,2
3,posted on 29 Aug 2020,Assistant Consultant (ITIS)  in Whitefield, Anonymous路ITIS Division    ,Dislikes Nothing to dislike about working at TCS,Likes Good and excellent job security provided by TCS during this pandemic. Good company policies and excellent support for the employes by providing work from home option.,2
4,posted on 21 Aug 2020,Assistant System Engineer  in Pune, Anonymous路It Services Division    ,Dislikes Salary appraisal is very low for beginners and is affected by politics at local team level but if you survive for some time then everything sorts out gradually.,Likes Apart from Job security the company provides various opportunities for skill development. The flexible working environment and various benefits provided by the company are other plus points.,2
5,posted on 01 Aug 2020,Sql Database Administrator for 7.4 years in Kolkata, Anonymous路Current Employee路ITIS Division    ,"Dislikes People keep the trust in the company and want to carry on with the jobs until they retire hence promotions and growth are time consuming. However on the contrary the learning opportunities are fabulous and one can really work in different horizons and domains. Shifting career interests are amazing here, at any age! ","Likes TCS had started the precautionary measures since the early stages of covid and most of the employees were stationed to work from home as new normal. 
The company has been instrumental in keeping the psychological parameters balanced in this tough time with the help of different programs and expert views. Work life balance is equally taken care of. ",2
6,posted on 06 Jul 2020,"Senior Systems Engineer  in Hyderabad, Telangana, India", Anonymous路It Services Division    ,"Dislikes I worked as a BA for a pilot project Motorola,
They laid off without Any prior update.
Veey poor management its was terrible due to such managers in TCS the brand value is effected.
He doesn't care what happens to employees life if they update all of sudden that we are fired off from our job, no intimation.
Internal politics arehuge, higher authorities needs to look over it.
No additional allowances always budget oriented no employee satisfaction.
Differentiation between BA and tcs payroll employees.
TCS was my dream company but viewing such behaviour towards employees from management in few projects won't prefer back again, however TCS runs it's show by recruiting freshers with low salaries and crushing them.
It's not secure anymore....Read More","Likes Job security is only better compared to other companies but lot of internal politics.
Employees suffer a lot because of role change or project change.
",2
7,posted on 13 Aug 2020,It Analyst  in Bhubaneswar, Anonymous路Retail Division    ,"Dislikes The working hours now has become more than hours we work at office. Even though working for 10-11 hrs a day, they are no hikes.",Likes TCS support is extraordinary during this pandemic by giving work from home option. There is no risk of covid to the associates and also no impact in productivity. But the thing is working hours has become more than 9hrs and still hikes are not there.,2
8,posted on 28 Nov 2019,Systems Engineer  in Bangalore, Anonymous路Manufacturing Division    ,"Dislikes Things which needs to be looked into,
1. Having a clear roadmap to execute a given work load needs to be improved.
2. Senior associates should too invest some time at coding with novice developers to help them learn better.
3. Blame game is bad if you have such people in your project.
4. Ample time needs to be given to developers for application development, things should not be in a hurry.
5. Salary Hike is not so impressive for junior associates who are starting there career with TCS. Good associates feel forced to leave the company just because of low salary increment. If this criteria is looked upon, TCS can retain good quality employees.
6. Infrastructure Team at TCS needs to work quickly.
7. Approval for any activity from higher level management takes too much time, needs to have a good,smooth and quick workflow.
8. People who work are made to work too much. But those who don't work are neither asked to work nor any action is taken against them(politics).
9. Annual Appraisal process needs to be reviewed, current one is not upto the mark as most people work only during appraisals, or they get good ratings just because they act close to their appraisers.

...Read More","Likes Life at TCS is all dependant on the type of Project one is allocated to but still one can find these things good.
1. Job Security is best.
2. A good work-life balance (at few times things may become hectic but at other times it's balanced).
3. Too many people to interact with.
4. Chance to work on the very latest technologies (again it's project specific).
5. Onsite possibility which is decided as per the following(just some unanimous conclusion),
a) The project has On-site work.
b) Years of working at TCS by the employee.
c) Immeasurable Knowledge with equally impressive articulation skill with good soft skills (Soft-skill is very important).
d) Very good at fooling people and convincing them for one's good.
6. Work-environment depends on the type of  associates one works with(mine was good)....Read More",2
9,posted on 27 Jul 2020,It Analyst  in Bhubaneswar, Anonymous路It Software Division    ,Dislikes Compensation is not good enough. Very few  projects have office politics. ,"Likes TCS the name says it all. When it's Tata it's always BEST. Best and most secure company one can imagine at this crisis and pandemic time.  Job security, complete and comfortable work from home, good work life balance.. A. Very employee friendly company. ",2
10,posted on 28 Aug 2020,Business Process Lead  in Gandhinagar, Anonymous路Us Mortgage Division    ,"Dislikes Compensation and promotions
Will donate crores of rupees to Tata Funds, but increment for employee is lesser than the Peanut",Likes Security,3
11,posted on 01 Aug 2020,Database Administrator  in Pune, Anonymous路Data Management Division    ,"Dislikes Salary and appraisals 

It's been 4 years I am working with TCS with all my efforts and diligence.
And my package is 2.2 LPA, And I have seen they are offering package of 4 LPA  for the same work profile in same project I was working with 2 months before.
",Likes Job security is the only thing I would like to appreciate during this COVID 19 lockdown,3
12,posted on 21 Aug 2020,"Senior Visual Designer, SME For Content Management Team And QC For Myer Retail Online Site (Australi  in Bangalore", Anonymous路COVID helpline Division    ,"Dislikes Night Shift, which is there in all the other companies",Likes TATA is the only company that comes up heartfully to help not only its associates and also their near family members. I am very proud to say I am an employee of TATA.,3
13,posted on 28 Aug 2020,Project Manager  in Kolkata, Anonymous路IT Division    ,Dislikes Salary below average ,Likes Work life balance,3
14,posted on 19 Aug 2020,Process Associate  in Mumbai, Anonymous路Trade Finance Operations Division    ,"Dislikes Management politics , worst tactics and boot lickers are around and they rule here",Likes Job security for people who are already earning good can switch to the company but freshers do not expect for good growth here,3
15,posted on 28 Jun 2018,Business Analyst  in Mumbai, Anonymous路Internal Division    ,"Dislikes TCS is like an ocean, some find pearls and diamonds, some find stones and shells, I am the unfortunate one to get the latter one. It is like a curse being in IT. the work pressure is immense, people who proactively work will be burdened until the succumb to pressure, the people who like to enjoy will have the time of their life and loiter around to glory. Getting a release is totally at project managers discretion, I remember the line from the favorite song of eagles, me and my friend used to sing together ""you may checkout anytime you want, but you may never leave!"". Getting a release from one project is an impossible task, the HR will be ready to let you go out of TCS but will not release from the project, every plea goes unheard. none of the escalations work! the only option is to quit. New joiners are mislead into internal as they lack knowledge and are naive. Experienced people are cheated and thrown into the pit. The internal employees are wise enough to escape the limbo. Just a warning sign whoever is considering joining TCS which otherwise is a heaven for IT geniuses. ...Read More","Likes You will see job security mentioned in all the posts, TCS has a good brand name and you can flaunt it and it is a matter of pride. The learning opportunities are immense as the learning and development has plethora of articles, exams and training material to enhance your skills. The compensation is the best among the MNC;s but depends on your managers perspective. Sycophancy is omnipresent, needless to say, having said that I will still mention salary part the positives  The medical and the digital claim system makes the life easy, the facilities like gym and cafeteria varies from location to location, if you are lucky enough to be deputed at a good place you will get good amenities, place like Malad is an old asylum. The infrastructure is poor. Cons of getting stuck in an internal project. ...Read More",3
16,posted on 24 Aug 2020,SAP SD Consultant- IT Software - ERP  in Hyderabad, Anonymous路Information Technology Division    ,"Dislikes Not for youngsters but for thos who want to settle their carreer, not a challenging environment, no encouragement in skill development, work culture seems is nt good","Likes Is not for who looking for challenging and skill development roles, but good for easy go minded people and job secure people.. Not at all good for youngsters ",3
17,posted on 14 Aug 2020,Officer  in Hyderabad, Anonymous路CEG Division    ,Dislikes Job security ok but income increment very very bad,"Likes Very less salaries in this company as compare to market,and they are not given any bonus for the covid 19 situation rather than increment of salary,we are doing our work from home too.but company not provided increment .There is not decreased the work even covid 19 situations",3
18,posted on 12 Aug 2020,Process Associate  in Pune, Anonymous路Giga space Division    ,Dislikes As per my experience admin is not proper. During night shift there was alot problem against transport facility for girls. Not security guard provide for home drop. After completing no action taken by admin.,"Likes Good environment. Due to COVID 19 lockdown work from home is provided, hence it's very safe for employees.",3
19,posted on 11 Aug 2020,Assistant Consultant  in Pune, Anonymous路Finance Division    ,Dislikes They have forcefully given C rating to employees and then fired people by saying average performance. Company culture is bad and it's terrible working there.,Likes Onsite opportunities,3
20,posted on 25 Jun 2020,Software Engineer  in Delhi, Anonymous路Information Technology Division    ,"Dislikes Pros:
Work life balance and job security.

Cons:
Will destroy your career, NO learning, lots of regrets after joining this company","Likes TCS is not supporting us during the lockdown. They are asking employees to come back from home and stay near the office in spite of the dangerous on-going condition.
They have neither provided laptops nor provided internet for working from home in spite of the fact that the company has thousands of crores of profit every quarter.
Also one should never join TCS in their career starting days, as they will destroy your life completely, No learning. I am AGAIN REPEATING you WILL NOT learn anything in this company....Read More",4
21,posted on 06 Aug 2020,Assistant Consultant  in Kolkata, Anonymous路Information Technology Division    ,Dislikes A lot of people waste their and company's time. It seems like both of these two parties are quite careless about the fact. It affects the motivation of hard working bunch and indirectly affects the paycheck as well.,"Likes Overall experience is good. But a lot of people keep wasting their and company's time here. This indirectly impact the hard working bunch. TCS has been supportive during this COVID period. It's been a continuous WFH since April and company keep gathering information on associate's well being. There are covid corner, dedicated helpline number and on call docto's assistance to help someone out.",4
22,posted on 21 Aug 2020,Counter Sales  in Indore, Anonymous路Sales Division    ,Dislikes So many reasons to dislike about working at TCS when working at TCS anyone misbehaving me or unlike activitie in our working place . Like gambling etc so wil not working at TCS,Likes TCS one of tha multinational com. Is very soft and nice place to working to everyone desire and evry person dreams come true and  TCS is tha most comfortable working Environment compare to other compny.,4
23,posted on 25 Aug 2020,Assistant System Engineer Trainee  in Gurgaon , Anonymous路It Services Division    ,Dislikes So many reasons to dislike about working at TCS when working at TCS anyone misbehaving me or unlike activitie in our working place . Like gambling etc so wil not working at TCS,Likes The company support is very good. Special thanks to Ratan Tata sir for donating huge amount to need ones.,4
24,posted on 09 Aug 2020,AML And KYC Analyst  in Pune, Anonymous路Branch Banking Division    ,"Dislikes as you we know situation National emergency covid-19 and in between my family is not allowing to move pune .I asked my manager to movement to Bangalore tcs 
 It is nearest location to my native and family is agree with bangalore location and I submit my father medical reports .yet my manager was not realising me since may I am requesting to HR,DM,Lead,etc. They are telling we cannot realising anyone from account and look up to many of my friends from my account already they got transfer in last week....Read More",Likes Really hands up to this organization because as in this situation many peoples are unable to working and company is not let them.,4
25,posted on 22 Aug 2020,Automation Test Engineer for 3.5 years in Bangalore, Nikhil Sharma路Current Employee路Software Testing Division    ,Dislikes nothing,"Likes its best... in terms of security,work life balance,team , other activities and skill development",4
26,posted on 30 Jul 2020,Zonal Manager for 1.5 years in Fridabad, Anonymous路Former Employee路Telecommunication Division    ,Dislikes There is a lot of politics and the management doesn't address our issues. ,Likes Good work environment and culture. There is a huge cafeteria and gaming arcade for chilling. Company policies are good. Appraisal are fair and they give salary hike and bonus nothing. ,4
27,posted on 07 Aug 2020,Salesforce Developer for 4.9 years in Pune, Anonymous路Current Employee路Information Technology Division    ,"Dislikes Bad Management. No support to work & learn on new things. Managers are treating as they are god or they are owner of TCS. TCS means trust but in management you can't trust on any senior person. They are not promoting or supporting for your aspirations. 
I have no concerns with TCS and it is best compony. 
It will become most valuable IT company if they support to employees for career aspirations....Read More",Likes In this situation company supporting us very well. There is issue with salary as there is no deduction. ,4
28,posted on 20 Aug 2020,Investment Banking Associate  in Adibatla (hyd), Anonymous路Banking & Finance Division    ,Dislikes No dis likes in TCS,"Likes It's like govt job,work culture excellent, excellent company policies, unbelievable about TCS policies.",4
29,posted on 15 Aug 2020,Technical Support Analyst for 11 months in Chennai, Anonymous路Current Employee路ITIS Division    ,Dislikes No dis likes in TCS,"Likes I can consider it as one of the most reliable organisations during this global pandemic,
Thought there are lots of internal projects are suffering, still there allocating project to their associates, I have friends in other MNCs, they are simply asking them to stay on the bench or indirectly forcing me to leave the job,

But as per my personal realisation,END OF THE DAY WHAT WILL SAVE YOU IS YOUR PRODUCTIVITY...Read More",4
30,posted on 25 Dec 2018,It Analyst  in Powai In Mumbai, Anonymous路IT Division    ,"Dislikes Learning n training is WebEx based which doesn't help that effectively, moreover employee is occupied in his daily so kuch that he couldn't give time to extra time other activities rather than work,which eventually effects his goals n appraisals. Your manager doesn't release you from one account n use u till they have project.movingresources from one project to another eventually distracts the focus of employee from his work. Some projects are really worst to work. But you can't deny those projects so forcefully you have to work. There is so much biasness shown when it comes to appraisals. All HR RMG N PM are not helpfull when it comes to the release n promotions n appraisals.any complaint you make will eventually turned as your mistake only. Tcs HRs are pathetic..No buddy i hve seen helpful when u r in trouble. On-site opportunity are there but only for those who does buttering with leads n managers. Hard working people are treated as donkeys. For showing ur innovations u need to work on weekend or seat extra in office after completing ur 9 hrs duty..Work satisfaction is less. I worked here for 2.5 years but now got bored due to motivation or consideration in d project. Nobody appreciates your for hard work. Nd ur smart work is compansate with any single mistake as if ur d biggest culprit of everthing....Read More",Likes Work life balance is there. No frequent weekend workings.job security is there. No politics. Teammates are from different cultural background and work happily with each other. Salary n other compnsations are good. Mediclaim policies n insurance are excellent.,5
31,posted on 31 Jul 2020,"Information Technology Analyst  in Cincinnati, OH, USA", Anonymous路Supply Chain Management Division    ,Dislikes Not anything that I think about.,Likes TCS has handled the pandemic situation in very great manner. They implemented work from home culture immediately due to the wide spread of Corona virus taking associates health as a primary concern. The same has been communicated to the clients. ,5
32,posted on 08 Aug 2020,Senior Process Associate  in Baroda, Anonymous路Business Process Outsourcing Division    ,Dislikes Currently they are not having much project here at Baroda location so they are asking me to relocate to gandhinagar after offices reopen but its not possible for me to relocate as I have to take care of my old aged parents my mother is a heart patient I can't leave her and relocate. I told this to HR and he asked me to resign if I cannot relocate. In this pandemic how can someone ask to resign a job. I felt very pathetic about him....Read More,Likes Tcs is supporting Work from home ,5
33,posted on 12 Aug 2020,Assistant System Engineer  for 1.4 years in Gurgaon, Anonymous路Current Employee路BFSI Division    ,Dislikes No compensation atleast bonus should be given. Next year hoping for compensation.,Likes In this pandemic there is secure job which means a lot.,5
34,posted on 27 Jul 2020,Qa Analyst  in Powai, Anonymous路It Software Division    ,"Dislikes There is a lobby in the management which never let you grow..Because if you want to grow u have to be always behind them like yes sir yes sir whatever they say u have to follow or else no promotion no onsite nothing...
eg: My manager he was good for nothing but because he was having a godmother my DM (Delivery Manager) whom my manager used to bring tea, chair lift her bag to the car that is how he survived and became portfolio manager....Read More",Likes As i was a Contractor employee from last 5 years they treated like me a contractor and removed me within 15 days during this COVID-19 pandemic..Now how can I trust and what will I like about this company who cannot support their contractor employees during this situation also...very bad experience,5
35,posted on 19 Aug 2020,Associate  in Gandhinagar, Anonymous路LPO Division    ,"Dislikes The same of project and some manager or team leader is not capable to manage their associates at all.. they haven't control own their language 
",Likes When you think about tcs yes they are given job security..but then after their is not personal life..it was like burden for us..there is no growth in financially..,5
36,posted on 19 Aug 2020,Devops Engineer  in Gurgaon, Anonymous路Information Technology Division    ,Dislikes No Appreciation and Recognition.Most of the employees are not satisfied regarding this concern from their supervisors.,Likes Learning opportunities.,5
37,posted on 15 Aug 2020,Senior Process Associate  in Chennai, Anonymous路Anti Money Laundering-KYC Division    ,Dislikes No Appreciation and Recognition.Most of the employees are not satisfied regarding this concern from their supervisors.,"Likes Work culture is good, as colleagues used to support a lot, together as team we used to work hard & enjoy as well, work life balance used to be good, overall experience is great.",5
38,posted on 08 Aug 2020,Gis Engineer for 4.6 years in Hyderabad, Anonymous路Current Employee路Gis Engineer Division    ,"Dislikes In lockdown TCS povides all employees to work from home option but some projects provide the WFH option in within Hyderabad only.So, I would like to suggest to allow WFH for all employees to similar.",Likes In lockdown time TCS pay the salary to all employees and also provide the COVID health centers this is very usefull for all TCS employees.,5
39,posted on 17 Aug 2020,Software Developer  in Bengaluru, Anonymous路Software Development Division    ,Dislikes since the organization  has a lot of members  you can get things to approve easily ,Likes The Working Culture ,5
40,posted on 14 Aug 2020,Software Tester  in Chennai, Anonymous路Software Developers Division    ,Dislikes Bad management during covid time. Only supporting local guys for system delivery because High management is local one only.,Likes I don't like any thing in tcs. Manager always support local guys. No support during covid time. My manager didn't inform me about tcs system is required and after the they are calling us to base location.,6
41,posted on 18 Feb 2019,Project Manager for 7.6 years in BENGALURU, Anonymous路Former Employee路ITIS Division    ,"Dislikes Compensation was very low for my experience & competency. I was not able to balance my personal life with the salary paid by TCS. I had really faced difficult time in terms of money.

Work wise, learnings, knowledge & Role was awesome interms of professional life. I really give 5 stars.. 

Company also should thing about the employees, who has been decades in the company, when company needs support.. we have put our heart & soul to the growth of the company, when they need it, supporting clients 24/7 without giving rest to our body sometimes.. they should also not leave employee family to float on floods. TCS contribute for the flood relief fund & other welfare for the society as CSR.. I feel that first TCS should take care of there family members there employee, who are suffering for bread & butter. Literally on my last day of my release, I was emotional, when I spoke to my ex manager. I have done so much to the company, taken many risks & faced lot of challenges.. supported the company more than my family... But I realised late that, company treats employees as a Sugarcane juice.. use it how much you can, when you need them. So many of my friends at TCS are suffering in the same fashion... Atleast company should wake up & support other employees, as per there experience & competency for the market standards, likewise when they hire a new comers. I pray God to make this happen soon and help many employees family....Read More","Likes TCS is Awesome company to work in IT industry, you get all the support from the mgmt team and freedom to work.",6
42,posted on 06 Aug 2020,Information Processing Specialist  in KOLKATA, Anonymous路Finance & Accounts Division    ,Dislikes I am doing work from home. My work life balance is pathetic. Doing worm from home means you are available 24*7 for system log in. Personal life is zero. ,Likes I mostly like their health insurance policy. You will get the treatment from best hospital in the country under the mediclaim. No need to worry for the hospital bill. ,6
43,posted on 13 Aug 2020,Assistant Manager  in Thane West, Anonymous路Sap Finance Division    ,Dislikes Finding a good project from home is very difficult unlike during pre-covid days,Likes Good support from TCS honestly.   But timesheet policy has become very strict.     ,6
44,posted on 14 Aug 2020,Senior Business Analyst  in Mumbai, Anonymous路Retail Branch Banking Division    ,"Dislikes Career growth ,projects ar not allocated as per skillset and ppl are put on bench if there is no project. Compensation and hikes are poor. ",Likes Job security,6
45,posted on 10 Aug 2020,Process Associate  in Nagpur, Anonymous路Financial Services Division    ,"Dislikes Though there is job security, pay also need to be in line with the current average which was not upto mark. ","Likes I'm no longer an employee, I left the job in 2017 for higher studies. HR Person and Managers helped alot for higher study policies. ",6
46,posted on 16 Aug 2020,"It Analyst  in Chennai, Tamil Nadu, India", Anonymous路Information Technology Division    ,Dislikes Havent found any significant dislikes yet.,Likes We can be 99% assured that our jobs are secured. Also we have a lot of exposure and opportunities to improve ourself. I feel proud and lucky working in TCS,6
47,posted on 06 Aug 2020,"Associate System Engineer for 1.5 years in Bengaluru, Karnataka", Anonymous路Former Employee路It Software Division    ,Dislikes No perks and recently they made a policy of not hiring back ex-employees of TCS which is quite upsetting,Likes Enjoyed my time working there. Had good exposure on latest technologies (if you are part of Innovation labs) and flexible work timings :) ,6
48,posted on 08 Jul 2020,Associate Consultant  in Hyderabad, Anonymous路Enterprise Solutions Division    ,Dislikes There are some restrictions in projects which do not let you groom well. I will not name all projects but a few of them are. Sometimes you have to compromise with your expectations to run the project smoothly.,"Likes The most important thing is, TCS does not layoff anyone. Though hiring for seniors are not happening, but those given offer, TCS is committed and did not cancelled the offer due to COVID. 
It also helped in virtual joining in this pandemic situation. It provided all employee to work from home.
TCS is more project oriented and certain variables payments are based on projects. But that is what consultant is expected to work on certain project.
...Read More",6
49,posted on 13 Aug 2020,System Engineer for 2.4 years in Delhi, Anonymous路Current Employee路Finance & Accounts Division    ,Dislikes Long Working hours ,"Likes Webinars for guidance for better heath in covid time, availability of heath experts, counsellors, daily tips, yoga sessions, ergonomic tips and sessions and a lot more.",6
50,posted on 17 Aug 2020,Senior Associate for 2 months in Hinjewadi Phase 3, Anonymous路Former Employee路Telstra Process Division    ,Dislikes prakash iyer tower lead for telstra process should terminated immediately because of his dirty politics I am begging on the streets of Pune. ,"Likes Prakash Iyer Tower lead for telstra should be terminated immediately .
",7
51,posted on 17 Aug 2020,Associate  in Pune, Anonymous路Insurance Division    ,"Dislikes No groth for fresher it's, difficult to increase salary for fresher. ",Likes Job security ,7
52,posted on 03 Aug 2020,System Engineer  in Gurugram, Anonymous路Development Division    ,"Dislikes Salary hike is terrible, on-site chances are available for experienced people that too purely depends on your luck, learning is comparatively low as compared to other small scale company.","Likes No layoffs, No deduction in salaries, COVID 19 cover, quarantine facility, oxygen cylinder facility for employee and dependent and lot more.",7
53,posted on 21 Jul 2020,Identity And Access Management Analyst for 4 year in Bangalore, Anonymous路Current Employee路Banking Division    ,"Dislikes Delayed promotion, compensation, slow career growth, having to work on shifts to support clients during their time.",Likes Really supportive. Work from home is comparatively safe during this period. They have not called us back to office which is like risking our lives. Hope TCS will let us work from home until corona is completely gone as there is life rosk everywhere. We have a convenient work environment and we feel more productive for reasons like extended office hours. ,7
54,posted on 07 Aug 2020,System Engineer  in Pune, Anonymous路Banking & Finance Division    ,Dislikes It will be like the salary hike and compensation what we receive. The growth in your professional life can be very slow but it depends on every individual. ,Likes TCS has never let you feel that there is a recession going on. I have no insecurities about my job nor about salary. Everything have been maintained very smoothly and didn't even bother to let us know what is happening around the world.,7
55,posted on 02 Aug 2020,Domain Consultant  in Hyderabad , Anonymous路Sab edm Division    ,Dislikes Very low income. ,"Likes We have full job security and on time salary payment but salary is too less and hike percentage is too low. Plus because of covid we got zero hikes zero promotions this year. Its too hard to grep financially in this company. If you looking for making good money as yur ground rule, then this is not the company for you. ",7
56,posted on 14 Aug 2020,System Engineer  in Chennai, Anonymous路Information Technology Division    ,Dislikes Full politics and managers will take disciplinary action on innocent employers for asking release ,Likes No company culture full of micro management worst managers No promotion or hikes,7
57,posted on 13 Aug 2020,System Engineer  in New Delhi, Anonymous路Information Technology Division    ,Dislikes You just dont get paid enough for what you do. ,Likes I havent come across any incident of lay off. The employees continue to get their regular compensation. TATA has been kind  and compassionate. I believe the projects have been a little over the edge by bumping up the pressure at this hour of pandemic,7
58,posted on 12 Aug 2020,Production Support Analyst  in Bangalore, Anonymous路Thinkcampus Division    ,Dislikes Nothing all are very good to me ,"Likes I was one of the employees of TCS, now I am not part of the company, but when I worked with TCS it was all time I felt better and I felt I am at a safe place, given a opportunity I want to continue my services with TCS ",7
59,posted on 11 Aug 2020,System Engineer  in Mumbai, Anonymous路Banking Division    ,Dislikes It is a very good firm but now I am seeking a firm which can offer high compensation. ,Likes In this pandemic it has never stopped the salary. Also have provided camp for the covid affected employees,7
60,posted on 13 Aug 2020,Business Analyst  in Hyderabad, Anonymous路Health care Division    ,Dislikes Management plays with life of people in career growth they will hold promotion if they hate us,Likes Good health policies,8
61,posted on 25 Jul 2020,System Engineer  in Kolkata, Anonymous路Information Technology Division    ,Dislikes Management plays with life of people in career growth they will hold promotion if they hate us,"Likes There has been no increment this year. But in these uncertain circumstances, TCS has promised no job cuts. And it has also provided reimbursement facilities for some work from home paraphernalias. HR's have called a number of associates enquiring about overall health of the associate and family. It has also provided helpline numbersfor various issues that might arise if an associate Or a family member is COVID infected. Overall, TCS has handled the situation fairly well.Of course, lack of any increments this year has demotivated a number of associates but as of now, I choose to overlook that. ...Read More",8
62,posted on 14 Aug 2020,It Analyst for 5.9 years in Noida, Anonymous路Current Employee路Life Science Division    ,"Dislikes Some project politics and less perks, small increments ","Likes job security,work life balance",8
63,posted on 14 Aug 2020,Process Associate  in Hyderabad, Anonymous路Insurance Division    ,Dislikes Pay scale n hikes,Likes Recognition of hard worker,8
64,posted on 12 Aug 2020,Drug Safety Associate  in Pune, Anonymous路Life Insurance Division    ,Dislikes Salary and career growth very slow.,Likes Good work environment and cultures. Leave policies and HR team always supportive,8
65,posted on 14 Aug 2020,Assistant System Engineer   in Indore, Anonymous路Development Division    ,Dislikes There are very less good projects ,Likes Except compensation everything is good.,8
66,posted on 12 Aug 2020,Accounts Support Executive  in Delhi, Anonymous路Former Employee路Finance & Accounts Division    ,Dislikes I have no dislikes,"Likes I want work in TCS,i have 4.5 year experience in accounts department.Good work environment in tcs.if I will work in TCs so my dream will be completed",8
67,posted on 10 Aug 2020,"AWS Certified Architect, DevOps ,Teraform, Ansible Developer  in Hyderabad", Anonymous路Hitech Division    ,Dislikes Growth is slow and resource mapping needs to be a lot even though we excel in some good technology we are forced to moved some other projects irrespective of the skill-set.,Likes Good opportunities for learning new technologies and for travelling abroad.,8
68,posted on 01 Aug 2020,Citizen Service Executive for 5.7 years in PSK KOLLAM, Anonymous路Former Employee路Passport Seva KENDRA Division    ,"Dislikes NO CAREER DEVELOPMENT OPPORTUNITIES, INEQUALITY, SALARY ISSUES, BUREAUCRACY",Likes WAS HAPPY DURING THE OPENING YEAR OF JOB. BECOME WORKING LIKE A MACHINE IN THE LATER YEARS. LOST JOB SATISFACTION. LATER I LEFT THE JOB.,8
69,posted on 15 Aug 2020,Assistant Consultant  in Nagpur, Anonymous路EIS Division    ,Dislikes Process sometimes too long and time consuming even for small amount approvals.  But its OK.,Likes TCS taking care all majors.  Very caring organisation.  Good Job,8
70,posted on 05 Aug 2020,Senior It Analyst for 7.6 years in Chennai, Anonymous路Current Employee路IT Division    ,Dislikes They laid off my wife in a different way due to covid. Instead directly saying it as lay off. ,"Likes Job security is poor, work culture and management is okay , company policies are poor",9
71,posted on 04 Aug 2020,Systems Engineer for 3.4 years in Hyderabad," Anonymous路Former Employee路Banking & Finance, Analytics Division    ","Dislikes Only Hike. :) If you are ok with it, you can't feel a better place than this on the earth. ","Likes Love TCS. Really missing everything. Lot of new things. Every day is new learning in TCS, been into different projects , get to see/meet/talk with different people. 
Lot of learning. Ample amount of opportunities.",9
72,posted on 04 Aug 2020,Senior Business Analyst  in Bangalore, Anonymous路Data Analysis Division    ,"Dislikes Only Hike. :) If you are ok with it, you can't feel a better place than this on the earth. ",Likes There is no support at all from the management in the project that I am working in. Instead there is extra pressure put on the team to not take leaves because this would make them earn more revenue. There has been no calls with me till now when I have been asked about how I am holding up in this situation. Obviously the good thing is Tcs perhaps won't fire us in these tough times but nothing other than that. No hike and otherwise very bad company culture to work in....Read More,9
73,posted on 08 Aug 2020,Associate System Engineer  in Mumbai, Anonymous路Finance Division    ,"Dislikes Only Hike. :) If you are ok with it, you can't feel a better place than this on the earth. ","Likes Tcs is covering covid 19 in health issurance. And also providing self quarantine rooms who needs them. While other companies are firing employees ,Tcs is ensuring job security",9
74,posted on 28 Jun 2020,Associate/senior Associate -(nontechnical) for 3.6 years in Pune, Anonymous路Former Employee路Administration Division    ,Dislikes Transportation. ,"Likes Flowrish teammates, sharp time training, job security depends on facility faculty, want to increase my lifestyle adding term growth appraisal, travel we don't have 4wheelers but some time 2 wheelers help to continue to review our lifestyle,like to give suggesyion only for politics having good learning skill or we make our friendly environment, I am going to find my own wife in-innovation
My working lifestyles is quite different from others here I want to make my own environment or can say balanced working life. ...Read More",9
75,posted on 12 Aug 2020,System Engineer  in Pune, Anonymous路Internal IS Division    ,Dislikes Nothing,"Likes I worked in world's safest organization, at whatever condition will be my job is secure. Also every higher management people pay attention towards your health. If u are effected with virus",9
76,posted on 21 Jul 2020,Business Analyst  in Different Locations, Anonymous路Confidential Division    ,Dislikes Now a days due to Corona work pressure had increased but then by trying different ways able to deal with it. Hope I will be able to deal with it more as I get more exposure. One thing I'm not liking is sometimes we are called outside Office hours but i think may be it's up to us how we set our expectations.,"Likes They are providing work from home. Offices are closed for covid-19 situation. And they are also providing some facilities for covid-19 such as some healthcare facilities, meeting communication expense facilities due to covid despite current situation of companies economic conditions. Although sometimes going got tough but still I'm in the company for 9 years now and they have not removed me yet.",9
77,posted on 14 Aug 2020,Assistant System Engineer for 7 months in Gurgaon, Anonymous路Current Employee路Banking & Finance Division    ,Dislikes NOTHING ,"Likes I have a lot of respect for TCS in my heart, though i wish to leave the organisation for future growth but I really respect TATA GROUP it's the best thing India can have ",9
78,posted on 14 Aug 2020,Team Leader Operations  in Kolkata, Anonymous路Operations Division    ,Dislikes A gap between top level management and mid level management in terms of act.,"Likes Although no hike for the FY, however job was secured.",9
79,posted on 30 Jul 2020,System Engineer  in Kolkata, Anonymous路Retail Division    ,Dislikes The only place of improvement I believe is the work evaluation they do at the end of financial year. Even after receiving good evaluation there is no guarantee you will revive good grade and there is almost no scope to fight for it and get it change.,Likes I am glad I got the opportunity to work with TCS. Here they maintain a good work environment for all the employees and provide various opportunities to learn new skills.,9
80,posted on 13 Aug 2020,Technology Consultant  in Indore, Anonymous路Software Development Division    ,Dislikes No growth,Likes If you want Job security and work life balance and family culture then TCS is the best company to work with,10
81,posted on 12 Aug 2020,System Engineer  in Pune, Anonymous路BFSI Division    ,"Dislikes Struck with same projects, switching technologies and projects is very difficulty tasj",Likes Providing 85% employess WFH. For rest of the employees the are adding extra allowance whi are requested to Work From Office ,10
82,posted on 14 Aug 2020,Senior Process Associate  in Chennai, Anonymous路Market Research Division    ,Dislikes Nothing as of now... ,Likes I liked the Job security. Overall TCS is good in supporting Covid situation,10
83,posted on 12 Aug 2020,Team Lead And Senior Test Engineer for 6.7 years in Chennai Siruseri, Anonymous路Current Employee路Information Technology Division    ,Dislikes Nil,Likes In every way and as always work life balance is ensured.Exclusively team is made to work in closed loop with higher management.,10
84,posted on 12 Aug 2020,Senior It Analyst for 7.8 years in Sydney , Anonymous路Former Employee路Retail Sales Division    ,Dislikes Dont want to comment ,Likes I had a friendly team at TCS and work culture was so good. ,10
85,posted on 05 Aug 2020,Assistant Consultant for 3.4 years in Bangalore, Anonymous路Current Employee路It Infrastructure Division    ,"Dislikes Disrespect , discourage and undermining by senior people.",Likes The support I have received during COVID-19 pandemic resulted in worldwide lockdown was encouraging but not sure how things would shape in coming months.,10
86,posted on 09 Aug 2020,Team Member  in Pune, Anonymous路Banking & Finance Division    ,Dislikes Sry I am not diklike,Likes Tcs was not cutting any payment to any employees also they  r give leave how much employee want it is a no one company  in all world  .I fill proud to be a part of tcs,10
87,posted on 04 Aug 2020,Automation Test Engineer  in Pune, Anonymous路Software Testing Division    ,Dislikes some managers are thinking in a way that this is their own company and treating employees like their maid.,"Likes TCS is very supportive in career development area but while paying the money to the employee is I will say worst.
I have left the company in January 2020 but still waiting for my FFS.",10
88,posted on 08 Aug 2020,Process Associate for 2.7 years in Vatika , Anonymous路Current Employee路India Colection  Division    ,Dislikes Leave it . Be positive .,"Likes Great work culture in this pendamic , we all are giving our 100%. Thank u so much to The great Mr Ratan tata. We need more people in our world  like Ratan tata sir.",10
89,posted on 11 Aug 2020,Backup Teamleader for 5.2 years in Ambattur, Anonymous路Current Employee路Telecommunication Division    ,Dislikes Nothing from my end as dislike expect eb bill as of now,Likes Being proud to be a Tcs'r... Safety and comfortable zone to work with..... ,10
90,posted on 04 Aug 2020,Quality Analyst for 3.6 years in Gurgaon, Anonymous路Current Employee路Life Science Division    ,Dislikes I never had bad experience in TCS,"Likes working with TCS is long lasting experience, such a good company providing many opportunities. Take care of employees first, known for ethics and values.",11
91,posted on 31 Jul 2020,Assistant System Engineer  in Kolkata, Anonymous路Banking Division    ,Dislikes Nothing as such.,"Likes TCS is best among all the service based organizations in India. In this pandemic scenario where every other company is laying off people, I didn't hear a single person has to leave TCS. They are even providing certain amount of medical expenses for Covid treatment also. They are not businessman, they are industrialists and they prove it all the time. TCS is a 5 star organization.",11
92,posted on 05 Aug 2020,It Analyst  in Mumbai, Anonymous路It Software Division    ,Dislikes Lesser learning opportunities.,"Likes Very good job security. But from learning perspective there ar some gaps, bt this happens in want domain and project you are working upon. Overall it was good and my 1st organisation. I feel proud.",11
93,posted on 02 Aug 2020,Sales Executive  in Hyderabad , Anonymous路Health Insurance Division    ,Dislikes Lesser learning opportunities.,"Likes Good work environment and culture. Teammates are supportive and the management is transplant. They is a huge cafeteria gaming arcade for chilling. Company policies are good, and they give salary hike. ",11
94,posted on 27 Jul 2020,Assistant System Engineer  in Bangalore, Anonymous路Hardware & Networking Division    ,"Dislikes Dislike based on employees mind set only, if he/she interested to work any project they say good.","Likes 1. Job security.
2. More learning growth like other than your project that have conducted so many training sessions.
3. Proper dress coding same has been checked by security regularly.
4. In this COVID situation, proper asset management team, still they are planning different ways to finding the x to y employees should have assets in WFH location.",11
95,posted on 09 Aug 2020,Senior Process Associate  in Hyderabad, Anonymous路Finance Division    ,Dislikes Totally worst I don't like the company no work life balance worst managers ,Likes Totally worst don't join the Hyderabad office tcs ,11
96,posted on 25 Jul 2018,System Engineer  in Kolkata, Anonymous路IT Division    ,Dislikes Internal politics is the first point I would like to highlight specifically in Kolkata location which I never liked. TCS gets project in lower wages as a result only one resource is allocated for a 3 men work. Work quality is not so good but not too bad. Salary Hike is incorrigible and as usual low for everyone both for lateral entry as well as fresher graduates.,"Likes 3 months of training for Freshers graduate is very good. Everyone will get good learning opportunity during that period and most important thing is you will be connected with people from different location with diverse culture which is very important for everyone to cope up with the corporate environment after completion of school and college life. In projects you will have colleagues of different age groups, so you will not feel bore. Very few employee stays in bench in current scenario. Different projects are available but mostly are support and maintenance project. You will get opportunity to learn new things. TCS is good for CAB and Bus service in Kolkata location. Girls get CAB from 8 PM and boys get from 10 PM. Not sure about other locations in Kolkata we had Bus service in free of cost for pick up and drop. TCS is well known for CSR activity as well. TCS Maitree club organizes different extra curricular activity stating from painting, dancing, trekking and adventure activity. And in the end TCS is famous for MEDICLAIM service I must say. I am not sure about other companies but you don't need to bother about money when you or your family member is sick if they are insured under their scheme...Read More",11
97,posted on 01 Aug 2020,Bps Analyst for 11 months in Pune, Anonymous路Former Employee路Claims Division    ,Dislikes Nothing like that...I really enjoyed a work... because by god's grace I was blessed with excellent team,Likes Tcs was such a good place with full of opportunities in different fields..but currently I'm not working I left TCS inn2018 due to higher studies,11
98,posted on 08 Aug 2020,Senior Engineer  in Bangalore , Anonymous路Process Automation Division    ,Dislikes Nothing,Likes It has been handled very well  ie work from home .i feel so proud that how it (wfh)has been carried out for each employees ,11
99,posted on 30 Jul 2020,BPS Banking In Morgage  in Pune, Anonymous路BPS BANKING( CONSUMER FULFILLMENT) Division    ,Dislikes There is a lot of politics and the management doesn't address our issues. Salary is decent but career growth is slow.,Likes Good environment and supportive people,11
100,posted on 02 Aug 2020,It Analyst  in Hyderabad, Anonymous路Information Technology Division    ,"Dislikes Poor growth , need to fill time sheet daily (school attendance) else leave/pay cut","Likes No layoff, no salary cut until some grades, good opportunities inside organization but it's pure luck.",12
101,posted on 10 Aug 2020,Senior Associate  in Mumbai , Anonymous路Bpo Division    ,Dislikes No growth and increment before covid also,"Likes Safe job. 
Wfh 
Good thing is -Medical facilities and secured job",12
102,posted on 08 Aug 2020,Associate Consultant - IT  in Bangalore , Anonymous路IT consultant  Division    ,Dislikes Promotion policy is not transparent and QVA is almost never paid In full to senior associates ,Likes They have truly stood by each and everyone of its associates and treated us with utmost dignity in this difficult time. I will always be grateful to them.,12
103,posted on 09 Aug 2020,Ast  in Hyderabad, Anonymous路Software Development Division    ,Dislikes Compensations and benifits,"Likes I like work culture, work life balance and support during pandemic is excellent",12
104,posted on 05 Aug 2020,Business Process Lead  in Pune, Anonymous路Life Sciences-Pharmacovigilance Division    ,Dislikes Not got increment this year 19-20 due to this pandamic And we gone 1 year back in terms of own growth. This is very disappointing for me.,"Likes TCS HR department is in touch monthly and I got WFH facility for work.
Overall is good.",12
105,posted on 05 Aug 2020,System Engineer  in Gurgaon, Anonymous路Manufacturing Division    ,"Dislikes Honestly, it will make an intelligent person to dumb",Likes They are not supporting. They have lack of resources and the management at every level is just worried about customer no matter what happen with employee. Everyone is struggling for laptop and they asking to get desktop from. Baselocatiin,12
106,posted on 04 Aug 2020,Work Flow Specialist  in Chennai, Anonymous路Finance Division    ,Dislikes No compensation given for working employees during this critical situation.. they didn't even consider about maternity leave ladies..,Likes Company cares our employees during this covid 19 period by giving work from home,12
107,posted on 04 Aug 2020,It Analyst  in Hyderabad, Anonymous路It Software Division    ,"Dislikes Though Tata group is committed to values... Senior employees and RMG are not committed to values...
You will not get opportunities to work in latest technologies..
The technologies you work in TCS will not have demand in other companies",Likes Tata group is committed to values... you will have secured job even in this pandemic situation. ,12
108,posted on 04 Aug 2020,Software Engineer  in Hyderabad, Anonymous路IT Division    ,"Dislikes I would say work life balance, but I am pretty sure its ones personal ability how we balance it. Salary though is less for the effort we put.",Likes I am not working in TCS right now to answer this Question.,12
109,posted on 08 Aug 2020,Information Processing Specialist for 6 months in Bangalore, Anonymous路Current Employee路It Services Division    ,Dislikes Compensation benefits,Likes It's an absolute pleasure working in this company. They care for you like a family. Almost every alternate months they call you to make sure that you as well as your family is doing fine. ,12
110,posted on 03 Aug 2020,Developer  in Pune, Anonymous路Software Development Division    ,Dislikes I dont want to say so much  but I don't like  at jabalpur no any tcs corporate office. ,Likes Tcs company is also big brand of It and they are offering for work from home and during covid 19 they all are working it's a good thik they have. ,13
111,posted on 09 Aug 2020,Trainee -Pharmacovigilance for 2 months in Mumbai, Anonymous路Current Employee路Drug Safety Division    ,Dislikes -,"Likes It's an amazing organization with full of talent's, happiness. The work culture is so awesome. I am happy to work and my trainers and Managers are very co-operative.",13
112,posted on 09 Aug 2020,It Analyst for 8.1 years in Mumbai, Anonymous路Current Employee路IT Division    ,Dislikes No respect for individual and lack of transparency in managers,Likes By micro management,13
113,posted on 06 Jun 2020,Senior Executive  in Gurgaon, Anonymous路Banking Division    ,Dislikes Just only one thing annual appraisal but I'm happy with that also nothing else.,"Likes Before Tcs I worked in three companies but seriously never ever felt experience like tcs. I didn't only got salary from tcs, I've learnt a lot things in my office. Seniors treat like parents they give us much opportunity to learn more and more. I'm just Band 1 but I'll never ever leave this company because it helped me and also supported me in my  bad days. I'll always serve in this company as my own company means I'll never treat myself just like a employee. In past I took part in social work from office side and I'll always ready to do any type of social work given by my office. I Love the environment of my office and behavior of my senior colleagues....Read More",13
114,posted on 29 Jul 2020,Workman/foreman/technician  in Haydrabad, Anonymous路Field Division    ,Dislikes Tcs company a good company. ,"Likes My childhood dream is to join a good company. But do not understand which company to go to, but oneday i had to talk about TCS company.Them my dream is that I should work in TCS company. So that i can take my dream and company to the top. At this time covid19 worried about the whole world, peoples  us are worried about it. At this tim TCS company who have thought about the people for job selection  appreciated. I thanks tcs company. ...Read More",13
115,posted on 27 Jul 2020,Technical Architect  in Thane, Anonymous路Ultimatix Division    ,Dislikes There wont be anything that I hate abt Tata group. If you hate Tata group then you hate your motherland. Its like Infosys founder till date they have photos of Great Tatas in der life. They are example entrepreneurs with gold hearts. Love to Tata group.,Likes One of the best company to adopt new normal,13
116,posted on 07 Aug 2020,Network Administrator for 2.8 years in Kochi, Anonymous路Current Employee路Infopark Division    ,Dislikes There wont be anything that I hate abt Tata group. If you hate Tata group then you hate your motherland. Its like Infosys founder till date they have photos of Great Tatas in der life. They are example entrepreneurs with gold hearts. Love to Tata group.,"Likes Supporting each employee with necessary support.. They are delivering Computer to the home and also providing allowances for internet. 
And happy to say that.. TCS providing medical support for the employees that helping us alot..",13
117,posted on 22 Jul 2020,"Senior Technical Associate  in Belapur, Navi Mumbai", Anonymous路Operations Division    ,"Dislikes As a band TCS is good to work but if you want to work with different technologies and want to grow then the people at top will never give you opportunity for that.

Even they dont care what you actually looking for. Managers never appreciate your work even never give you release from a project, if you want to learn and grow with different technology.",Likes The policies for the employees will always change and those are good one,13
118,posted on 01 Aug 2020,Senior Sales Executive for 6.3 years in Faridabad, Anonymous路Former Employee路Sales & Marketing Division    ,Dislikes There is a lot of politics and the management doesnt address our issues. Salary is decent but career growth is slow. ,Likes Friends circle is very good,13
119,posted on 01 Aug 2020,System Engineer  in Noida, Anonymous路New Delhi Division    ,Dislikes There is a lot of politics and the management doesnt address our issues. Salary is decent but career growth is slow. ,"Likes TCS Company support us in every situation, but some unexpected people make it worst for us and sometimes their behaviour stop us to reach our ambitions. This is only the bad fact about organisation otherwise I love to stay with TCS , I like it's rule and none security for it's employees",13
120,posted on 09 Aug 2020,Software Developer for 2.5 years in Bengaluru, Anonymous路Current Employee路Public Sector Division    ,Dislikes Concerned about clients and not about employees health.,Likes Permanent job security but struggling to face HR when they call back to office during Covid19 cases increased drastically.,14
121,posted on 06 Aug 2020,Site Engineer Civil Or Civil Designer  in Lucknow, Anonymous路Site engineer Division    ,"Dislikes Do a good job, but if you do not go ahead with it, then it does not look good and you should meet on time. ","Likes Never worked in this company, I don't know, I can only speak so much, I think by doing this work, I will get to learn a lot and I will give my best Duga company ",14
122,posted on 04 Aug 2020,Sap Fico Functional Consultant  in Hyderabad, Anonymous路Finance Division    ,Dislikes Job Security is less,"Likes TCS is removed all the BA's( Contract People) From the Organization.
Please don't go for TCS ,The Job Security is Very Less for the BA;s People.

",14
123,posted on 08 Aug 2017,Process Associate  in Chennai, Anonymous路BANKING AML KYC Division    ,Dislikes ALL THE ABOVE SAID COMMENTS ARE TRUE TO MY KNOWLEDGE AND EXPERIENCE BUT IT WAS NOT APPLICABLE OR AVAILABLE FOR SOME PEOPLE WHO ARE NOT ABLE TO COPE UP THE CULTURE IN TCS.,"Likes WHEN I TOOK A JOB IN TCS I'VE DECIDED NOT TO QUIT FROM THIS ORGANIZATION AND TAKING IT AS A ONE TIME CAREER OPPORTUNITY AND WORKED REALLY HARD TO FIND A BETTER POSITION OR ROLE IN MY FIRST TEAM AND AFTER ACHIEVING IT I GOT MOVED TO ONE ANOTHER TEAM WHERE THE CIRCUMSTANCES AREN'T REALLY ON MY SIDE DUE TO PROCESS MIGRATION I WAS MOVEDALONG WITH ALL MY TEAM MEMBERS BUT STILL GOT PLACED IN A GOOD TEAM RIGHT NOW AND I'M WORKING WITH THE GOOD PEOPLE SURROUNDED BY ME.
THIS STORY COULD REVEAL THAT TCS IS A PLACE WHERE YOU CAN GET LEARNING, GET TO KNOW NEW WORLD OF CORPORATE BUSINESSES, CHALLENGING ENVIRONMENT TO IMPROVE OURSELVES, LAST RESORT FOR ALL THE EMPLOYEES PERSONAL FINANCIAL ASSISTANCE, A VERY GOOD PLATFORM FOR ALL THE DEEDS ANS NEEDS, RIGHT PLACE TO EXPLORE AND EVOLVE AROUND THE GLOBE AND MORE LIKELY A FAMILY..,...Read More",14
124,posted on 03 Aug 2020,Associate  in Hyderabad, Anonymous路Banking Division    ,Dislikes No comments,Likes Having 5years experience with TCS. I am very proud to be an tcser.tcs have good policies and work environment.,14
125,posted on 19 Jul 2020,"Pharmacovigilance Scientist I for 3 year in Mumbai, Maharashtra, India", Anonymous路Current Employee路Pharmacovigilance Division    ,"Dislikes I got good opportunities to grow at Tata Consultancy Services, the work environment is good, the work culture is good and Tata Consultancy Services is known for its job security!",Likes I have been working at Tata Consultancy Services since 3 years and 1 month and it has been a great experience working here!,14
126,posted on 08 Aug 2020,System Engineer  in Gurgaon, Anonymous路Cloud Infrastructure Division    ,Dislikes Nothing ,Likes This company help me in realising that our personal life also matters apart from professional life. Got some great help from superiors in getting ,14
127,posted on 28 Jun 2020,Java And PL-SQL Developer  in Bangalore, Anonymous路Banking & Finance Division    ,"Dislikes In many month end, my timesheet were not getting approve on time due which I use to get delay in salary payment. I was expecting to become a permanent emplyee in TCS after completing 1 year. But this did'nt happened, and my parent company also denied to give support during Covid-19 pandemic.",Likes I like the culture and infrastructure at Tata Consultancy Service. I am not getting any support from TCS since I was a C2H employee.,14
128,posted on 21 Jun 2020,It Analyst  in Chennai, Anonymous路It Development Division    ,"Dislikes With overall experience, the company will say they care about employees but in reality, nothing. A big nothing. They wont consider employee's opinion. Career growth and compensation is big joke. 

The company is functioning exactly opposite to how they project themselves in media.","Likes Worst. The management force you to come to office. They hide the covid positive cases in office in order to avoid panic and force you. If you are in quarantine or not willing to come to office, they force you to apply leaves. HR is useless.",14
129,posted on 04 Aug 2020,Major Incident Manager  in Hyderabad, Anonymous路Incident Management Division    ,"Dislikes Working culture, Management don't feel responsible to employee concern and Politics during the hikes and promotions.",Likes They gave antique computers for WFH.,14
130,posted on 29 Jul 2020,It Analyst for 1.6 years in Kochi, Anonymous路Current Employee路Information Technology Division    ,,Likes Comapny is very helpful and kind to employees during this pandemic situation. Job is well secured and I am happy to work as they have provided work from home strategy when this pandemic situation has started. They have also provided me the working envt at home to support their business.,15
131,posted on 05 Aug 2020,Assistant System Engineer  in Hyderabad, Anonymous路Testing Team Division    ,,"Likes It has been pleasure to be part of this firm from past 1 year. During this tough time when other companies  are firing their employees, TCS has remain loyal to their staff. Proud to be a TCSer",15
132,posted on 01 Aug 2020,Assistant System Engineer  in Bangalore, Anonymous路Brigade bhuwalka icon Division    ,Dislikes Nothing much.. where ever I worked food was not good ..I mean they r not meeting quality expectations to min level.,Likes Feel good whenever they share awareness about present situation and taking care of us through texts by providing contact numbers.,15
133,posted on 28 Jun 2020,Consultant  in London, Anonymous路IT Division    ,"Dislikes Its saturated at the top and it has become feudalistic with each strap running their fiefdom. If you are part of the clique, it's great. If you are not, you will hit a glass ceiling soon","Likes Exceptionally high support during Covid.

Job is secure,  salary is on time, management assurance that everyone is safe reduces anxiety.

High level of communication and guidance

Involvement in various activity, bringing celebrities chef, mountaineers, athletes.

Ample support for psychological counseling.

Good platformsfor collaboration 

Above all else, in any and all decisions,  employee safety is kept as priority, even at the cost of business.

TCS should be rated as the top organisation, once it comes to support of employees during Covid ...Read More",15
134,posted on 06 Aug 2020,System Engineer  in Noida, Anonymous路Retail Division    ,Dislikes Work Life and personal life bothe are almost same.,Likes Job security and taking care of their employees.,15
135,posted on 12 Jul 2020,Financial  in Chennai, Anonymous路Financial Division    ,Dislikes TCS is unprofessional. They charge you premium and provide services that are not even close to amount you pay..,Likes Job security is the probability than  an individual will keep their job.,15
136,posted on 11 Jul 2020,Process Analyst   in Chennai , Anonymous路KYC Division    ,Dislikes No idea,"Likes In TCS, they is job secure, Month by month we can improve our knowledge using some still based training, and also as per process training they will conduct,... I can say they have good  infrastructure, They too help for needy people sharing they funds, mainly for covid they have following government rules etc... I can TCS good company... ",15
137,posted on 28 Jul 2020,ASSISTANT SYS  in Hyderabad , Anonymous路Insurance Division    ,Dislikes Work from home is very hectic in this lockdown,Likes Job security ,15
138,posted on 29 Jul 2020,Salesforce Administrator for 4.9 years in Pune, Anonymous路Current Employee路Process associated  Division    ,Dislikes I have complicated my 5 years in Tcs. I joined as bpo 1.. and after 5 years still I am bpo 1.. and at the time of promotion they Released. Not got good hike.. in last 5 years.That worst thing I experienced in last 5 years..,Likes I am very happy to being a part of Tata Consultancy services. ,15
139,posted on 05 Aug 2020,It Analyst for 7 years in Scotia Bank Canada, Anonymous路Former Employee路Information Technology Division    ,Dislikes Not keeping the good quality people which created lot of politics.,Likes I left job in covid because my team mentally harrased me and forced me to leave my job,15
140,posted on 21 Jul 2020,It Analyst for 7.3 years in Thane, Anonymous路Current Employee路Information Technology Division    ,Dislikes ... Seriously not ',"Likes As a TCSer, Yes, company has an ultimate support to me. All the possible outcome to avoid spread of virus has been taken care of. Work from home, safety precautions, updates, providing Mediclaim facilities, work life pressure, smooth balance work...... everything has been properly taken care by TCS.",16
141,posted on 01 Aug 2020,Assistant System Engineer  in Bangalore, Anonymous路Software Development Division    ,Dislikes There are no hike in this year. ,"Likes There are no lay off in TCS, 100% job security. They are paying internet cost also due to WFH in this panademic. ",16
142,posted on 04 Aug 2020,Assistant System Engineer Trainee  in Gurgaon, Anonymous路GGVI Division    ,Dislikes Salary increments and appraisal,Likes Supporting in every aspect,16
143,posted on 31 Jul 2020,It Business Analyst for 1.5 years in Bengalore, Anonymous路Former Employee路Business Analysis Division    ,Dislikes No job security for payroll employees,"Likes I worked one and half year as a payroll, my manager keep telling that will convert, but it didn't happened and they removed all contract employees stating covid 19 impact, worst decision by TCS",16
144,posted on 02 Apr 2018,Senior Business Analyst  in Mumbai, Anonymous路Analytics and insights Division    ,"Dislikes I am writing this for analytics division based in NKP, Goregaon, Mumbai location.
Do not join this place unless you need a job very badly.
This is worst work culture I have come across in my career, the head of the department is the worst leader who do not how to even talk to employees and treat them as if the employees are servants. Therefore the same is done by his deputy. Shouting on employees is a common thing for these guys. They have a very weak knowledge base and do not know anything. As they are failed to bring any good project, thus trying to sell that the employees are very lucky that they got the documentation work and this will improve their career. I don't know how pathetic this sounds but if someone tells that this work is not good then the conclusion they draw is he/she is conspiring against them.

They will hire you by giving false information on the JD and in the interview say that you will get modelling work but in reality there is no work apart from documentation and little bit analysis (if you are lucky you will get this work). After joining when confronted about the promise they have made they will shamelessly say it was your call or can even shout on you.

Since there is no work, all the time they will monitor you like whether you are at desk or not even if you do not have any work and Creating bizzare rules like be seated 9 hours on your desk(other companies have it but only in rule book) else they will call the HR, do not talk with fellow team members ( as they think you are upto something against them), do not laugh as it disturb other employees. All these may sound impractical but these are 100% true my friends. 

The result of this kind of work culture is that, almost every financial year about 60 - 80% of employees resign.

There's a lot of bad experience I had here so I will recommend if possible never join to this location of Tcs, there are 99% chances are you will regret it.



...Read More","Likes Apart from job security nothing is good for those working in analytics at NKP, Mumbai location",16
145,posted on 22 Jul 2020,Process Associate  in Gandhinagar, Anonymous路BPS Division    ,"Dislikes To be honest, you will get bore after 6 months or so. As you are facing the pc most of the time doing processing. ","Likes In lockdown, we have work from home.they have provided pc to those who were not having to do their work. Even internet cost is given by the company during monthly salary.",16
146,posted on 03 Aug 2020,Information And Media Operational Specialist  in Hyderabad, Anonymous路Business Process Outsourcing Division    ,Dislikes No Hikes...No benefits.. ,Likes Good at providing job security but failed in concerning employees issues and benefits. Worst at hikes,16
147,posted on 29 Jul 2020,I T Analyst  in PUNE, Anonymous路Information Technology Division    ,Dislikes Career growth and skill development is zero here,Likes Job is secured and no career growth here in TCS.,16
148,posted on 29 Jul 2020,Oracle Database Administrator  in Pune, Anonymous路Manufacturing Division    ,"Dislikes Nothing but just giving false hopes to employees. Also, not being open to employees specially contractors. ","Likes I was laid off though I was a contractor there. So, I am not sure if their motive is to keep their permanent employees happy. This is just my view. I was told there are making me permanent employee but that never happened.",16
149,posted on 28 Jul 2020,Information Technology Analyst  in Chennai, Anonymous路Banking & Finance Division    ,Dislikes Career growth is not good.. Salary is not good for experienced candidates,Likes Totally fracturing.. I couldn't manage work life balance.. working day and night without any compensation or hike.. ,16
150,posted on 26 Jul 2020,"Senior Process Associate  in Chennai, Tamil Nadu, India", Anonymous路Banking and financial  Division    ,Dislikes There is partiality in the management level especially in appraisal time. ,Likes I am very happy to work with TCS.  There  is a great opportunity to grown up my knowledge and my skills.  There is a good team i got. ,17
151,posted on 25 Jun 2020,Senior Associate  in Tril It Park , Anonymous路Finance & Insurance Division    ,"Dislikes Teammates are home,about training it is good and job security is awesome,no about the appraisal criteria the growth is very slow  there has been some time politics at the time of appraisal,","Likes It has been good working in covid 19 bcz we are working from home and there was no cut off in salary as other companies did also the work system was delivered to us to Ur home address with safety 
",17
152,posted on 31 Jul 2020,Software Engineer  in Kolkata, Anonymous路Software Development Division    ,Dislikes I would request Tcs pls provide a laptop to everyone,Likes Despite covid-19 pandemic still job is secure.So TCS is the best MNC company in the world.I am proude to be working with TCS,17
153,posted on 29 Jul 2020,Business Head -greater Mumbai for 3.1 years in Mumbai, Anonymous路Current Employee路Trade Finance Division    ,Dislikes Naothing,Likes Kindly help me with the proceduresto apply a transfer from mumbai location to my home town kerala location tcs either to trivandrum or kochin tcs due to covid pandemic,17
154,posted on 02 Aug 2020,It Analyst for 8.5 years in Chennai, Anonymous路Information Technology Division    ,Dislikes I only dislike Management politics. TCS = GOVT company & TCS Managers = Politicians,Likes Work life balance,17
155,posted on 27 Sep 2019,Process Associate  in Nagpur , Anonymous路Logistics  Division    ,"Dislikes There is no career growth.  I saw people doing the same mononotonous work even after spending 5-6 years there.  I don't know about IT section.  But,  BPS industry is really sick. They don't care to say hello to each other.  They don't  even care to sing national songs on precious days. They don't even give proper leaves & holidays. They don't have any social life or culture.  Just fake people & show off.  Only thing which matters to them  is work hour & target.  TCS is full of Corporate slaves & materialistic ppl.  ...Read More","Likes I was so excited to work for TCS.  But my process TL & Managers had made it worst for me.  They made us work like slaves.  And even if we achieved target,  the credits will be transferred to their favorite colleagues.  There is so much of partiality &  negative  atmosphere inside the company.  Higher authorities  doesn't have any manners or humanity.  They just came to earn money & get their work done.  They will try to put a good fake image before clients.  They don't know that prior to clients,  empoloyes come.  They will hire candidates as much as possible, but they don't know to manage them. They are just mass recruiters. It's just a show off company destroying the career of people .  Only thing they know is to torture the employees.  They just try to squeeze the energy of employees as much as possible.  There is no ethics & no work culture.  ...Read More",17
156,posted on 31 Jul 2020,It Analyst  in Bangalore, Anonymous路BFS Division    ,"Dislikes Compensation, work culture , appraisals nothing is satisfactory",Likes not supporting at all. Have been applying leaves as they could not provide device to WFH,17
157,posted on 30 Jul 2020,Senior Process Associate  in Bengaluru, Anonymous路Investment banking Division    ,Dislikes Work pressure,Likes Job security is good and work culture and there is opportunity for learning and development.,17
158,posted on 02 Aug 2020,Team Leader  in Pune, Anonymous路Finance Division    ,Dislikes Work pressure,"Likes Job security is the best part of TCS, even company is taking care of the associates who are on bench during this critical time, where people are loosing their jobs in other organisations.",17
159,posted on 25 Jul 2020,System Software Engineer  in Mumbai, Anonymous路Information Technology Division    ,Dislikes Only one thing is salary hike otherwise everything was perfect,"Likes Best company to work with.
Working with tcs was a superb experience.
Job security, lenient policies",17
